time,area_h1,area_h2,area_h3,area_h4,area_h5,dt,temp_avg,temp_max,temp_min
0,386.3464983464,7863.0798969071,7375.1708985608,20625.402706186,8750,0,0,0,0
1,367.07835834188,7859.3492654899,7393.4219799688,20626.203746387,8753.9466498119,1,300.62279495769,347.98447990816,299.99999999913
2,319.4845056223,7854.0383848631,7441.3191934666,20626.699730474,8758.4581855736,1,301.19800903221,385.21890360663,299.99999999975
3,272.37058675817,7848.4971513221,7492.115498295,20623.42145468,8763.5953089441,1,301.73653784149,414.24603090868,299.9999999998
5,157.04917073233,7845.2928633036,7632.9268445698,20588.467516751,8776.2636046432,2,302.69945570469,450.31863970975,299.99999999983
7,50.651915391703,7848.8997675476,7778.9452015593,20529.230020736,8792.2730947656,2,303.58758277506,470.68106150094,299.99999999987
9,20.566137805893,7852.2094577225,7851.8966616893,20463.324529773,8812.0032130094,2,304.43417022681,490.451049958,299.99999999988
11,12.163884030609,7851.5018390037,7900.8369698561,20399.909819778,8835.5874873313,2,305.24773711526,509.40677780547,299.9999999999
13,8.567157460715,7847.4340926746,7941.5286263776,20339.688494847,8862.7816286395,2,306.03261465943,526.88553180746,299.9999999999
15,6.6109771314515,7841.8134257789,7977.882147516,20280.798083967,8892.8953656064,2,306.79198268266,542.78754251205,299.99999999992
17,5.3885076072955,7835.7437026617,8012.1221720994,20221.902698782,8924.8429188496,2,307.5284255848,557.24721683304,299.99999999993
19,4.5534739949759,7829.6170328691,8045.9129908624,20162.600633776,8957.3158684972,2,308.24413317086,570.33927595653,299.99999999994
21,3.9470257251161,7823.4853873437,8080.3095824912,20103.241342172,8989.0166622676,2,308.94099979492,582.16950658037,299.99999999995
23,3.4865131018833,7817.3177173584,8115.804958995,20044.527736722,9018.863073823,2,309.62068515058,592.84679415128,299.99999999995
25,3.1247870845286,7811.1204746095,8152.5331005322,19987.118897245,9046.1027405289,2,310.28465574004,602.85444252026,299.99999999996
27,2.8330108733179,7804.9545632691,8190.4222354629,19931.460116725,9070.3300736695,2,310.93421523415,611.92989873962,299.99999999996
29,2.5925678265159,7798.8959624538,8229.272514157,19877.803794847,9091.4351607154,2,311.57052785561,620.14654171622,299.99999999997
31,2.3909088285061,7792.9969000248,8268.8023309319,19826.28664096,9109.5232192548,2,312.19463708566,627.99187218015,299.99999999997
33,2.2192697853092,7787.2749354171,8308.686149413,19776.985954042,9124.8336913421,2,312.80748105484,635.30710402651,299.99999999997
35,2.0713458112262,7781.7221891095,8348.5877686441,19729.944674661,9137.6740217738,2,313.40990546074,641.95327596877,299.99999999998
37,1.9424854069018,7776.3185229263,8388.1884515744,19685.178211275,9148.3723288169,2,314.00267456078,648.27806000667,299.99999999998
39,1.8291816873554,7771.0403906904,8427.2092417848,19642.673938468,9157.2472473693,2,314.58648061582,654.1856805578,299.99999999998
41,1.7287405116324,7765.8647230367,8465.4269365916,19602.388576492,9164.5910233678,2,315.16195205664,659.54221038037,299.99999999998
43,1.6390577695378,7760.7700985702,8502.6834379832,19564.245605368,9170.6618003092,2,315.72966058002,664.88143294577,299.99999999998
45,1.5584661371042,7755.7371802841,8538.8887457583,19528.133857117,9175.6817507034,2,316.29012733789,669.89979520047,299.99999999998
47,1.4856272665772,7750.7489871469,8574.0184961708,19493.908287191,9179.8386022248,2,316.84382835221,674.44729259003,299.99999999999
49,1.4194544247578,7745.7904849852,8608.1073377468,19461.393819489,9183.2889033539,2,317.3911992656,678.98625730439,299.99999999999
51,1.3590559865627,7740.8471267846,8641.2392766933,19430.392558045,9186.1619824906,2,317.93263951957,683.15312453484,299.99999999999
53,1.3036934944198,7735.9030866917,8673.535552148,19400.693684046,9188.56398362,2,318.46851603808,686.96490073307,299.99999999999
55,1.2527500696024,7730.9407086282,8705.1402686833,19372.084626333,9190.5816462852,2,318.99916648243,691.01797795929,299.99999999999
57,1.2057062989557,7725.9423330232,8736.204359575,19344.361924886,9192.285676217,2,319.5249021337,694.6817458787,299.99999999999
59,1.1621216080357,7720.894435775,8766.8693544663,19317.340431974,9193.7336561762,2,320.04601045079,698.11718729486,299.99999999999
61,1.1216197389895,7715.7923358559,8797.2534334896,19290.860113933,9194.9724969825,2,320.5627573447,701.55227583867,299.99999999999
63,1.0838773655439,7710.6426333974,8827.4421021173,19264.790938862,9196.0404482574,2,321.0753892033,704.62838420541,299.99999999999
65,1.0486151318977,7705.4617450998,8857.4836131032,19239.03732194,9196.9687047248,2,321.58413469494,707.74891418256,299.99999999999
67,1.0155905328911,7700.2717543072,8887.3877234283,19213.542255643,9197.7826760888,2,322.0892063762,710.85235512623,299.99999999999
69,0.98459214169858,7695.0960960303,8917.1282481085,19188.288045173,9198.5030185465,2,322.59080212683,713.6191742848,299.99999999999
71,0.95543481961861,7689.9564680107,8946.6512205357,19163.290363258,9199.1465133758,2,323.08910643423,716.46950258108,299.99999999999
73,0.92795570032648,7684.871018164,8975.8872599292,19138.586942132,9199.7268240742,2,323.58429154677,719.10802277289,300
75,0.90201084834598,7679.853540353,9004.7632977155,19114.22602893,9200.2551221532,2,324.07651851165,721.48240477675,300
77,0.87747251300027,7674.9134757097,9033.2101092016,19090.258366449,9200.7405761263,2,324.56593810907,724.21790921835,300
79,0.85422687885663,7670.0565034,9061.1657941451,19066.732751324,9201.190724252,2,325.05269169276,726.6421661774,300.00000000001
81,0.83217220610427,7665.2854950529,9088.5771276861,19043.693440944,9201.6117641111,2,325.53691194624,728.93740226016,300
83,0.81121727159475,7660.6014805669,9115.4002139582,19021.178302634,9202.0087855693,2,326.0187235632,731.28445315011,300.00000000001
85,0.79128004732877,7656.0042300033,9141.601216569,18999.217310904,9202.3859624765,2,326.49824386212,733.33154191418,300.00000000002
87,0.77228657279021,7651.492182805,9167.1570566947,18977.83176374,9202.7467101875,2,326.97558334062,735.5577232603,300.00000000004
89,0.75416998922503,7647.0621572923,9192.0557644597,18957.034093887,9203.0938143715,2,327.4508461777,737.75189923023,300.00000000006
91,0.73686970963082,7642.7092238175,9216.2960726686,18936.828298257,9203.4295355474,2,327.9241306891,739.65435006126,300.00000000005
93,0.72033070199119,7638.4266651685,9239.8864510482,18917.210859388,9203.7556936929,2,328.3955297406,741.75977292916,300.0000000001
95,0.70450286843225,7634.205953094,9262.8438518242,18898.171955798,9204.0737364154,2,328.865131125,743.62318877197,300.00000000018
97,0.68934050414063,7630.0367714895,9285.1923048023,18879.696789139,9204.3847940653,2,329.33301790521,745.38148136272,300.00000000031
99,0.67480182472247,7625.9072365719,9306.9613885419,18861.76684849,9204.689724571,2,329.79926872813,747.42074900317,300.00000000038
101,0.66084855269798,7621.8042564795,9328.1847461388,18844.360998321,9204.9891505082,2,330.26395811227,749.1781828123,300.00000000057
103,0.64744555427016,7617.7139376009,9348.8987940837,18827.45633208,9205.2834906807,2,330.72715671154,750.93878282764,300.0000000009
105,0.63456052029135,7613.6220173174,9369.1416512733,18811.028783293,9205.5729875958,2,331.18893155782,752.67901883397,300.0000000013
107,0.62216368371448,7609.514297101,9388.9522836299,18795.053523407,9205.8577321779,2,331.64934628443,754.14312938574,300.00000000183
109,0.61022757206518,7605.3770614804,9408.3697287188,18779.505296642,9206.137685587,2,332.10846133204,755.97391834732,300.0000000026
111,0.59872678685285,7601.1975977303,9427.4321592619,18764.358816959,9206.412699262,2,332.56633413901,757.63529972197,300.00000000346
113,0.58763780918193,7596.9649855254,9446.1753159084,18749.58952793,9206.682532827,2,333.02301931743,759.1042278677,300.0000000046
115,0.57693882531206,7592.6714273207,9464.6298062435,18735.174956949,9206.9468706612,2,333.4785688163,760.76399267076,300.00000000622
117,0.56660957218405,7588.3141820712,9482.817044101,18721.096827605,9207.2053366501,2,333.93303207289,762.1530008971,300.00000000818
119,0.55663119910367,7583.8976853537,9500.7446714262,18707.343504442,9207.4575075791,2,334.38645615349,763.64285612823,300.0000000107
121,0.54698614384338,7579.4347197049,9518.4037175247,18693.911651417,9207.7029252091,2,334.83888588457,765.24331208021,300.00000001389
123,0.53765802151117,7574.9453640576,9535.7701166053,18680.805754183,9207.9411071324,2,335.29036397509,766.57554857453,300.00000001801
125,0.52863152485533,7570.4535569516,9552.8111102609,18668.035144795,9208.1715564671,2,335.74093113076,768.06982055733,300.0000000231
127,0.5198923348188,7565.9827391044,9569.493783563,18655.60981453,9208.3937704678,2,336.19062616081,769.41304070015,300.00000002952
129,0.51142704022144,7561.5525438152,9585.7917781631,18643.537002858,9208.6072481237,2,336.63948607767,770.59665663882,300.00000003744
131,0.50322306548997,7557.1774818138,9601.688087929,18631.819710339,9208.8114968526,2,337.08754619028,772.16195717941,300.0000000473
133,0.49526860543671,7552.8672482422,9617.1744848745,18620.45695994,9209.0060383374,2,337.53484019119,773.46207282656,300.00000005949
135,0.48755256619181,7548.6277224523,9632.2493666604,18609.444944721,9209.1904135996,2,337.98140023826,774.73845433874,300.00000007429
137,0.48006451155131,7544.4619419945,9646.9155445633,18598.778261619,9209.3641873119,2,338.42725703127,776.05765003863,300.00000009241
139,0.47279461411932,7540.3707857496,9661.1786738547,18588.450794444,9209.5269513376,2,338.87243988381,777.11476553113,300.00000011438
141,0.46573361073722,7536.3533841198,9675.0464246092,18578.456130182,9209.6783274782,2,339.31697679103,778.51093144228,300.00000014102
143,0.45887276177079,7532.4073457194,9688.528238995,18568.78757317,9209.817969354,2,339.76089449332,779.79729394776,300.00000017319
145,0.45220381386405,7528.5288960311,9701.6354452974,18559.437891523,9209.9455633349,2,340.20421853636,780.8770413228,300.00000021173
147,0.44571896582825,7524.7130056237,9714.3815091953,18550.398937729,9210.0608284863,2,340.64697332783,782.18863774743,300.00000025793
149,0.43941083735338,7520.9535280439,9726.7822814365,18541.661264032,9210.1635156502,2,341.08918219087,783.23979728193,300.00000031291
151,0.43327244028489,7517.2433186349,9738.8561807176,18533.213822166,9210.2534060411,2,341.53086741471,784.38150156889,300.00000037826
153,0.42729715223766,7513.5743166873,9750.62426662,18525.043809474,9210.3303100663,2,341.97205030255,785.66809157329,300.00000045566
155,0.42147869237181,7509.937636502,9762.1101135075,18517.136703878,9210.3940674194,2,342.41275121691,786.69513677359,300.00000054692
157,0.41581109917628,7506.3237668742,9773.3393622677,18509.476510345,9210.4445494135,2,342.85298962271,787.88434980789,300.00000065438
159,0.41028871012795,7502.7229346363,9784.3389053242,18502.046207447,9210.4816638818,2,343.29278412806,788.94160356584,300.00000078047
161,0.40490614306862,7499.1255336856,9795.1358686529,18494.828329902,9210.5053616158,2,343.73215252305,789.84429516791,300.00000092784
163,0.39965827909906,7495.5224025485,9805.756725238,18487.805571848,9210.5156420857,2,344.17111181646,791.14188305331,300.00000109959
165,0.39454024676659,7491.9048178444,9816.2268043757,18480.961281918,9210.5125556154,2,344.60967827074,792.18080830743,300.00000129933
167,0.38954740732568,7488.264311986,9826.5701718117,18474.279768561,9210.4962002334,2,345.04786743509,793.20589804435,300.00000153095
169,0.38467534089452,7484.5925829747,9836.8095947674,18467.746433445,9210.4667134723,2,345.48569417719,794.27859720896,300.00000179884
171,0.37991983343901,7480.8816828864,9846.9662714572,18461.347864382,9210.4242614413,2,345.92317271342,795.09502811983,300.00000210787
173,0.37527686455244,7477.1244805828,9857.0591084802,18455.072105825,9210.369028247,2,346.36031663782,796.27164672187,300.0000024634
175,0.37074259604098,7473.3153697471,9867.1033288494,18448.909350674,9210.3012081338,2,346.79713894997,797.33053124876,300.00000287156
177,0.3663133613178,7469.45133324,9877.1081312405,18442.853221011,9210.2210011475,2,347.23365208177,798.20153300586,300.00000333889
179,0.36198565556016,7465.5334205667,9887.0734254222,18436.902556662,9210.1286116934,2,347.66986792333,799.29700361896,300.00000387282
181,0.35775612656759,7461.568230903,9896.9865934335,18431.063170861,9210.0242486759,2,348.1057978479,800.13652725402,300.00000448155
183,0.35362156624657,7457.5684699125,9906.8212130629,18425.348569383,9209.9081260749,2,348.54145273605,801.09949482364,300.00000517391
185,0.34957890266212,7453.5517516753,9916.5394986112,18419.778707445,9209.7804633657,2,348.97684299886,802.18470006365,300.00000595989
187,0.34562519264685,7449.5377662182,9926.0983044017,18414.376818359,9209.6414858281,2,349.41197860013,803.01425066574,300.0000068502
189,0.34175761495743,7445.5449769786,9935.4562753606,18409.165565047,9209.491424999,2,349.84686907748,804.03380123376,300.0000078567
191,0.33797346396053,7441.5881719269,9944.5792410562,18404.164094131,9209.3305194214,2,350.28152356215,804.90201955503,300.00000899239
193,0.33427014379433,7437.6774530004,9953.4424803089,18399.386780877,9209.1590156699,2,350.71595079763,805.65925807974,300.0000102713
195,0.33064516294234,7433.8184498401,9962.0303094985,18394.843425968,9208.97716953,2,351.15015915715,806.77583233442,300.00001170891
197,0.32709612916223,7430.0132567398,9970.3342122495,18390.540187693,9208.7852471884,2,351.5841566602,807.6367944166,300.00001332197
199,0.32362074471943,7426.2616753091,9978.3505540039,18386.480623591,9208.5835263514,2,352.0179509882,808.5188871514,300.00001512874
201,0.32021680188555,7422.5624266547,9986.0785445404,18382.666514801,9208.3722972013,2,352.45154949933,809.42027588635,300.00001714903
203,0.31688217867477,7418.9139894399,9993.5188691256,18379.098395999,9208.151863257,2,352.88495924269,810.06829768393,300.0000194042
205,0.31361483480287,7415.3148283628,10000.673167476,18375.775847158,9207.9225421684,2,353.3181869717,811.13039954738,300.00002191751
207,0.3104128078612,7411.7631089564,10007.544169665,18372.697641895,9207.6846666754,2,353.75123915695,812.02670945337,300.00002471401
209,0.30727420969572,7408.256328695,10014.135980759,18369.861830378,9207.4385859578,2,354.18412199844,812.77671656167,300.00002782084
211,0.30419722298443,7404.7912996504,10020.454035202,18367.265800354,9207.1846675701,2,354.61684143726,813.71488540715,300.00003126706
213,0.30118009800398,7401.3645364607,10026.504649172,18364.906334119,9206.9233001499,2,355.04940316675,814.39945672825,300.00003508418
215,0.29822114956238,7397.9726888317,10032.294522641,18362.779670262,9206.6548971151,2,355.4818126431,815.27021211088,300.00003930587
217,0.2953187540796,7394.6126354914,10037.830567972,18360.881576158,9206.3799016245,2,355.91407509537,816.20506202876,300.0000439686
219,0.2924713468733,7391.2812337605,10043.120060114,18359.207441633,9206.0987931452,2,356.34619553509,816.88636277702,300.00004911116
221,0.28967741947961,7387.9750077139,10048.170852453,18357.752365826,9205.8120965879,2,356.77817876527,817.80541948429,300.00005477518
223,0.28693551721764,7384.6901174353,10052.991297027,18356.511255609,9205.5203944114,2,357.21002938914,818.5294173564,300.00006100535
225,0.28424423683286,7381.4225751188,10057.589938091,18355.478899247,9205.2243433068,2,357.64175181837,819.21344853604,300.00006784941
227,0.28160222427033,7378.1684624704,10061.975215327,18354.650022841,9204.9246971373,2,358.07335028097,820.18944730782,300.00007535831
229,0.27900817255564,7374.9239221242,10066.155401606,18354.019329216,9204.6223388807,2,358.50482882884,820.911569659,300.00008358643
231,0.27646081978636,7371.6849500083,10070.138743527,18353.581519858,9204.3183257864,2,358.93619134488,821.70829382231,300.00009259161
233,0.27395894722533,7368.4471949482,10073.93359691,18353.331295059,9204.0139541358,2,359.36744154992,822.47408470354,300.00010243566
235,0.2715013774899,7365.2059245608,10077.548399181,18353.263321587,9203.710853293,2,359.79858300931,822.98830064403,300.00011318409
237,0.26908697283821,7361.9561281846,10080.991508424,18353.372152483,9203.4111239353,2,360.22961913926,823.99471075609,300.00012490683
239,0.26671463353708,7358.6925799304,10084.271082664,18353.652079287,9203.1175434851,2,360.66055321298,824.75977039565,300.00013767776
241,0.26438329631418,7355.409676012,10087.395172056,18354.096893711,9202.8338749249,2,361.09138836648,825.43740891057,300.00015157555
243,0.26209193288719,7352.1009507156,10090.372085288,18354.699536943,9202.5653351203,2,361.52212760408,826.24695023956,300.00016668336
245,0.25983954857285,7348.7583027587,10093.210921888,18355.451630365,9202.3193054395,2,361.95277380363,826.80442639123,300.00018308936
247,0.25762518097427,7345.3711354511,10095.921914631,18356.342932273,9202.1063924633,2,362.38332972141,827.63348631966,300.00020088683
249,0.25544789873865,7341.9258738544,10098.515843651,18357.360899477,9201.9419351184,2,362.81379799658,828.44323889654,300.00022017432
251,0.25330680038013,7338.4066542733,10101.00130483,18358.490824096,9201.8479099996,2,363.2441811553,829.00463228362,300.000241056
253,0.25120101314558,7334.7982173378,10103.378393042,18359.71746526,9201.8547233473,2,363.67448161458,829.85955114186,300.00026364175
255,0.24912969189327,7331.0916604035,10105.628457964,18361.029272497,9202.0014794438,2,364.1047016865,830.46190304464,300.00028804732
257,0.24709201793562,7327.2917599088,10107.703582731,18362.424978875,9202.332586467,2,364.5348435833,831.11661271597,300.00031439512
259,0.24508719787111,7323.4211393895,10109.525049864,18363.918817157,9202.8899063906,2,364.96490942429,831.97252296619,300.00034281352
261,0.24311446237488,7319.516004458,10110.998508136,18365.538653813,9203.7037191308,2,365.39490124402,832.57579174739,300.00037343787
263,0.24117306510224,7315.6145866199,10112.039702221,18367.316332381,9204.7882057136,2,365.82482100031,833.32183619287,300.00040641043
265,0.23926228173872,7311.7464432132,10112.593696082,18369.277256582,9206.1433418409,2,366.25467058055,833.97042162196,300.00044188071
267,0.2373814092077,7307.928791553,10112.638149875,18371.436120935,9207.7595562273,2,366.68445180565,834.45346972067,300.00048000556
269,0.23552976497941,7304.1688718361,10112.175472334,18373.799031827,9209.6210942371,2,367.1141664327,835.35676772971,300.00052094967
271,0.23370668645215,7300.4682209167,10111.223088574,18376.368302288,9211.706681534,2,367.54381615709,836.00691051071,300.00056488572
273,0.23191153031519,7296.8258311721,10109.807146853,18379.14633636,9213.988774085,2,367.97340261465,836.64246584784,300.00061199461
275,0.23014367191944,7293.2394782529,10107.959945365,18382.136968813,9216.433463897,2,368.40292738424,837.33843755281,300.0006624658
277,0.22840250464856,7289.7058350263,10105.71898198,18385.344302377,9219.0024781116,2,368.8323919901,837.78357331875,300.00071649754
279,0.22668743930612,7286.2202948018,10103.125501561,18388.770278307,9221.6572378902,2,369.26179790406,838.6039943144,300.00077429721
281,0.22499790353536,7282.7771070552,10100.221838402,18392.412529139,9224.3635274995,2,369.6911465472,839.30206954038,300.0008360815
283,0.22333334124231,7279.3699028345,10097.048234061,18396.26350569,9227.0950240734,2,370.12043929099,839.82908384628,300.00090207702
285,0.22169321204591,7275.9923111616,10093.640323038,18400.310886666,9229.8347859219,2,370.54967745839,840.57343961092,300.00097251992
287,0.22007699080344,7272.6383855163,10090.027903082,18404.538828197,9232.5748062138,2,370.97886232482,841.06634380868,300.00104765697
289,0.21848416705247,7269.3027058365,10086.23494707,18408.929460456,9235.3144024696,2,371.40799511888,841.72135580828,300.0011277454
291,0.21691424451722,7265.980317353,10082.280350684,18413.46423652,9238.0581811982,2,371.83707702331,842.46829092548,300.00121305331
293,0.21536674061181,7262.6666938348,10078.178865515,18418.124982476,9240.8140914332,2,372.26610917606,842.96366507066,300.00130385998
295,0.21384118595319,7259.3578533507,10073.941880732,18422.894632846,9243.5917918855,2,372.69509267137,843.68217065057,300.00140045622
297,0.21233712388487,7256.0506098376,10069.57797595,18427.757703291,9246.4013737976,2,373.12402856115,844.22374103388,300.00150314464
299,0.21085411001324,7252.742841713,10065.09333403,18432.700567055,9249.2524030914,2,373.55291785646,844.7153234253,300.00161223997
301,0.20939171175809,7249.4336530105,10060.492127113,18437.711591502,9252.1532366627,2,373.98176152915,845.51194056967,300.00172806943
303,0.20794950791933,7246.1233697984,10055.776921033,18442.781172967,9255.1105866939,2,374.41056051381,846.05639872388,300.00185097302
305,0.20652708826188,7242.8133894988,10050.949069663,18447.901690839,9258.1293229105,2,374.83931570976,846.67075827686,300.00198130384
307,0.2051240531205,7239.5059372412,10046.009045949,18453.067389695,9261.212503061,2,375.2680279833,847.26179356716,300.00211942847
309,0.20374001302605,7236.2037797436,10040.956678341,18458.274192895,9264.3616090077,2,375.69669816993,847.60316927231,300.00226572727
311,0.20237458835416,7232.9099316711,10035.791293526,18463.519451939,9267.5769482756,2,376.12532707655,848.43880661213,300.00242059473
313,0.20102740899727,7229.6273868492,10030.511778466,18468.801641784,9270.8581654917,2,376.55391548364,849.03309476425,300.00258443982
315,0.19969811406025,7226.3589125691,10025.116569463,18474.120021935,9274.2047979184,2,376.98246414713,849.54476785555,300.00275768632
317,0.19838635157929,7223.1069364382,10019.603577254,18479.474294742,9277.6168052137,2,377.41097380019,850.18597467172,300.00294077318
319,0.19709177826335,7219.8735232427,10013.970075928,18484.864303283,9281.0950057687,2,377.83944515471,850.57683385633,300.00313415489
321,0.19581405925634,7216.6604026984,10008.212605642,18490.289818161,9284.6413594388,2,378.26787890261,851.25413806172,300.00333830179
323,0.19455286792417,7213.4689952527,10002.326941289,18495.750464057,9288.2590465326,2,378.69627571666,851.89891677718,300.00355370045
325,0.19330788563301,7210.3004019697,9996.3081652604,18501.24581294,9291.9523119446,2,379.12463625118,852.30924565353,300.00378085417
327,0.19207880157613,7207.155360124,9990.1508277217,18506.775682107,9295.7260512455,2,379.55296114235,853.00125071867,300.00402028288
329,0.19086531258577,7204.0341894001,9983.8491922697,18512.340588344,9299.5851646736,2,379.98125100843,853.44224195362,300.00427252419
331,0.18966712295529,7200.9367571014,9977.397530474,18517.942305626,9303.5337396757,2,380.40950645017,853.96269952771,300.00453813329
333,0.18848394426259,7197.8624769885,9970.7904463958,18523.584410449,9307.574182222,2,380.83772805133,854.65855641824,300.0048176833
335,0.18731549519173,7194.8103430541,9964.0232080725,18529.272673702,9311.7064596758,2,381.26591637964,855.1032721629,300.00511176592
337,0.18616150135114,7191.7789919874,9957.0920564375,18535.015163961,9315.9276261126,2,381.69407198795,855.71213338287,300.00542099162
339,0.18502169509249,7188.7667824575,9949.9944612526,18540.821973168,9320.2317614265,2,382.12219541547,856.20383513262,300.00574599007
341,0.18389581532238,7185.7718860865,9942.7292907152,18546.704589203,9324.6103381794,2,382.55028718884,856.56880897966,300.00608741046
343,0.18278360728977,7182.7923665036,9935.2969079859,18552.674965948,9329.052975955,2,382.9783478234,857.31626170016,300.00644592201
345,0.18168482242653,7179.8262324153,9927.6991787785,18558.744487901,9333.5484160822,2,383.40637782373,857.81193012799,300.00682221425
347,0.18059921814753,7176.8714821747,9919.9394069601,18564.923007668,9338.0855039792,2,383.83437768428,858.32269202694,300.00721699739
349,0.17952655766368,7173.9261311445,9912.0222213699,18571.218082863,9342.6540380646,2,384.26234788979,858.86561287072,300.00763100283
351,0.17846660980058,7170.9882395346,9903.9534219553,18577.634500572,9347.2453713283,2,384.69028891582,859.1593246665,300.00806498352
353,0.17741914881593,7168.0559471979,9895.7398016172,18584.17410226,9351.8527297757,2,385.11820122947,859.8758487521,300.00851971422
355,0.17638395421845,7165.1275162621,9887.3889572172,18590.835874678,9356.4712678888,2,385.54608529021,860.42294454019,300.00899599197
357,0.17536081058579,7162.2013767373,9878.9091015144,18597.616245396,9361.0979155415,2,385.97394155076,860.83658715975,300.00949463669
359,0.17434950737968,7159.2761688994,9870.3088858355,18604.509512219,9365.7310835385,2,386.40177045804,861.43117814893,300.01001649118
361,0.17334983875737,7156.3507781721,9861.5972396461,18611.50834035,9370.3702919927,2,386.82957245403,861.77583492188,300.01056242198
363,0.17236160338342,7153.424361532,9852.7832289797,18618.604273504,9375.0157743809,2,387.25734797662,862.34078902222,300.01113331932
365,0.17138460423808,7150.496367159,9843.8759329135,18625.788219439,9379.6680958844,2,387.68509746042,862.93974513231,300.01173009798
367,0.17041864842595,7147.5665502554,9834.8843344003,18633.050885988,9384.3278107076,2,388.11282133752,863.28863053414,300.01235369742
369,0.16946354698932,7144.6349871681,9825.8172173944,18640.383160197,9388.9951716932,2,388.54052003793,863.90387934796,300.01300508205
371,0.16851911472296,7141.7020875039,9816.6830657744,18647.776430876,9393.669896731,2,388.96819398964,864.29993421154,300.01368524213
373,0.16758516999875,7138.7686011457,9807.4899750117,18655.222848536,9398.3509901362,2,389.39584361835,864.71437433672,300.01439519379
375,0.16666153459896,7135.835615323,9798.2455915961,18662.715518527,9403.0366130193,2,389.8234693472,865.36561185639,300.01513597968
377,0.16574803356107,7132.9045373891,9788.9570823825,18670.248637327,9407.7239948674,2,390.25107159664,865.76609221077,300.01590866905
379,0.16484449503618,7129.9770610457,9779.6311218944,18677.817593925,9412.4093786395,2,390.67865078448,866.28697265135,300.01671435869
381,0.16395075016322,7127.055116719,9770.2738831261,18685.419055287,9417.0879941172,2,391.10620732576,866.73487493094,300.01755417293
383,0.16306663295636,7124.1408088767,9760.8910217726,18693.05104466,9421.7540580575,2,391.53374163234,866.99983656173,300.01842926428
385,0.16219198021337,7121.236344221,9751.4876543294,18700.713005004,9426.4008044652,2,391.96125411214,867.70376979948,300.01934081378
387,0.16132663143704,7118.3439549464,9742.0683391155,18708.405826974,9431.0205523329,2,392.38874516857,868.15628919015,300.02029003149
389,0.16047042877725,7115.4658211746,9732.6370688834,18716.131819613,9435.6048198998,2,392.8162152005,868.58364262677,300.02127815696
391,0.15962321698922,7112.6039966642,9723.1972687754,18723.894618324,9440.1444930188,2,393.2436646027,869.08382093049,300.02230645953
393,0.15878484340922,7109.7603421054,9713.75178326,18731.699039916,9444.6300498754,2,393.67109376651,869.3352518219,300.02337623899
395,0.15795515794607,7106.9364702351,9704.3028411648,18739.550897162,9449.0518362796,2,394.0985030798,869.9572940688,300.02448882577
397,0.15713401308693,7104.13370648,9694.8520144888,18747.456768657,9453.4003763608,2,394.52589292648,870.46225503767,300.02564558169
399,0.15632126391507,7101.3530674582,9685.4002103614,18755.423704864,9457.6666960523,2,394.95326368556,870.79685148631,300.02684790009
401,0.15551676813284,7098.5952575156,9675.9477176255,18763.458875437,9461.842632654,2,395.38061573076,871.34967987086,300.02809720655
403,0.15472038608896,7095.8606813902,9666.4942850868,18771.56920849,9465.9211046468,2,395.80794943069,871.65301805297,300.02939495929
405,0.15393198080092,7093.1494696379,9657.0391989175,18779.761077939,9469.8963215245,2,396.23526514932,872.12893599764,300.03074264954
407,0.15315141797041,7090.4615129876,9647.5813675513,18788.04004694,9473.7639211032,2,396.66256324636,872.68667340146,300.03214180203
409,0.15237856598365,7087.7965022681,9638.1194414557,18796.410646837,9477.5210308728,2,397.08984407745,872.99477770411,300.03359397559
411,0.1516132958957,7085.1539711536,9628.6519661299,18804.876191925,9481.1662574956,2,397.51710799428,873.53497167178,300.03510076349
413,0.15085548139503,7082.5333396352,9619.1775394813,18813.438651022,9484.6996143795,2,397.9443553447,873.89053865452,300.03666379393
415,0.15010499874993,7079.9339565999,9609.6949512392,18822.098586737,9488.1224004253,2,398.37158647271,874.22104791,300.03828473059
417,0.1493617267393,7077.3551401322,9600.2032944385,18830.855159577,9491.437044125,2,398.79880171839,874.83182703565,300.03996527298
419,0.14862554657413,7074.7962145936,9590.7020424187,18839.706190775,9494.6469266661,2,399.2260014177,875.19224962496,300.04170715721
421,0.14789634181406,7072.2565440202,9581.1910978425,18848.648265996,9497.7561957988,2,399.6531859026,875.64183542398,300.04351215611
423,0.1471739982898,7069.7355619377,9571.6708448383,18857.676839057,9500.7695801683,2,400.08035550181,876.04989239396,300.04538207995
425,0.14645840403634,7067.2327979699,9562.1422309196,18866.786301265,9503.6922114412,2,400.50751054267,876.23564483279,300.04731877685
427,0.14574944924486,7064.7479015933,9552.6068504049,18875.970039115,9506.5294594377,2,400.93465135382,876.89968095365,300.04932413354
429,0.14504702623823,7062.280662947,9543.0669481633,18885.220558078,9509.2867837852,2,401.36177826805,877.31266218624,300.05140007534
431,0.1443510294711,7059.8310302492,9533.5252953812,18894.529719087,9511.9696042528,2,401.78889162406,877.67215053881,300.05354856726
433,0.14366135555524,7057.3991232679,9523.9849896907,18903.889035054,9514.5831906313,2,402.21599176702,878.13292544877,300.05577161413
435,0.14297790330559,7054.9852424426,9514.4492816514,18913.289926138,9517.1325718645,2,402.64307904818,878.34538765796,300.05807126119
437,0.14230057380522,7052.5898735255,9504.9214767305,18922.723885828,9519.6224633419,2,403.07015382435,878.8920379037,300.06044959464
439,0.14162927048164,7050.2136875006,9495.4048798484,18932.182592281,9522.0572110998,2,403.49721645784,879.35780503223,300.06290874234
441,0.14096389918784,7047.857535513,9485.9027257875,18941.658023011,9524.4407517892,2,403.92426731668,879.62770136684,300.06545087404
443,0.1403043682797,7045.5224385185,9476.4180735961,18951.142596055,9526.7765874622,2,404.35130677485,880.14142134383,300.06807820212
445,0.13965058868328,7043.2095714645,9466.9536874574,18960.629316127,9529.0677743623,2,404.77833521208,880.40606188501,300.07079298212
447,0.13900247394293,7040.920242281,9457.5119465917,18970.111883847,9531.3169248067,2,405.20535301315,880.81068794493,300.07359751312
449,0.13835994024629,7038.655866234,9448.0948180249,18979.584734513,9533.5262212875,2,405.63236056678,881.32947653295,300.07649413854
451,0.13772290642225,7036.4179367087,9438.7038844997,18989.043014408,9535.6974414766,2,406.05935826404,881.59904453971,300.07948524652
453,0.13709129390842,7034.2079934261,9429.3403665816,18998.482555563,9537.8319931347,2,406.48634649644,882.07718026333,300.0825732707
455,0.13646502668912,7032.0275893947,9420.0050675226,19007.899920687,9539.9309573687,2,406.91332565368,882.39426277402,300.08576069028
457,0.13584403120327,7029.8782577901,9410.6982358698,19017.292523573,9541.9951387353,2,407.34029612128,882.65740106004,300.08905003141
459,0.135228236226,7027.761480311,9401.4194381797,19026.658733303,9544.0251199698,2,407.76725827854,883.22943733891,300.09244386697
461,0.13461757272814,7025.678658777,9392.1675589929,19035.997846146,9546.021318511,2,408.19421249757,883.55152005842,300.09594481758
463,0.13401197372018,7023.6310916231,9382.940958061,19045.30989646,9547.984041882,2,408.6211591439,883.94189112355,300.09955555215
465,0.13341137408645,7021.6199564607,9373.7376913254,19054.595401605,9549.9135392341,2,409.04809857812,884.31164738576,300.1032787884
467,0.13281571041612,7019.6462990601,9364.5556621731,19063.855175833,9551.8100472237,2,409.47503115769,884.43438259247,300.10711729355
469,0.13222492083552,7017.7110285188,9355.3926431603,19073.090274325,9553.6738290754,2,409.90195723794,885.05920431251,300.11107388487
471,0.13163894484694,7015.8149181292,9346.2462158624,19082.302020777,9555.5052062865,2,410.32887717184,885.43400004477,300.11515143023
473,0.13105772317798,7013.9586114114,9337.1137219736,19091.49202631,9557.3045825821,2,410.75579130919,885.73691543388,300.11935284892
475,0.13048119764547,7012.1426328687,9327.9922956368,19100.66213033,9559.0724599663,2,411.18269999561,886.15951366938,300.12368111219
477,0.12990931103692,7010.3674029476,9318.8789944024,19109.814246387,9560.8094469515,2,411.60960357247,886.3342703726,300.12813924363
479,0.12934200701243,7008.633256702,9309.7709934894,19118.950148306,9562.5162594953,2,412.03650237783,886.81988692212,300.13273032038
481,0.12877923002753,7006.9404653754,9300.6657712239,19128.071268732,9564.193715439,2,412.46339674875,887.24752826485,300.13745747318
483,0.12822092527698,7005.2892600285,9291.56121537,19137.178579982,9565.842723694,2,412.89028702389,887.46318994073,300.14232388753
485,0.12766703865909,7003.6798562635,9282.4556283,19146.272578892,9567.4642695057,2,413.31717354589,887.93873624429,300.14733280389
487,0.12711751675898,7002.1124792979,9273.3476730812,19155.353333143,9569.0593969605,2,413.74405666258,888.16564145478,300.15248751886
489,0.12657230684956,7000.5873890234,9264.2363286903,19164.420520481,9570.6291894987,2,414.17093672728,888.51218019806,300.1577913854
491,0.12603135690884,6999.1049048588,9255.1208827916,19173.473432164,9572.174748828,2,414.59781409869,888.99274493729,300.16324781378
493,0.12549461565067,6997.6654302878,9246.0009262,19182.510976342,9573.697172554,2,415.02468914093,889.2245135897,300.16886027224
495,0.12496203256676,6996.26947682,9236.8762985743,19191.53173185,9575.197530723,2,415.45156222421,889.64979911069,300.1746322876
497,0.12443355797703,6994.9176870308,9227.7469821342,19200.534055666,9576.6768416107,2,415.87843372609,889.92893239821,300.18056744617
499,0.1239091430851,6993.6108563724,9218.6129849131,19209.516202622,9578.1360469495,2,416.30530403304,890.13638410932,300.18666939437
501,0.12338874003607,6992.3499533433,9209.4742476555,19218.476423533,9579.5759867283,2,416.73217354212,890.66990339043,300.19294183931
503,0.12287230197449,6991.1361375619,9200.3305755992,19227.413040698,9580.9973738391,2,417.15904266215,890.95385332489,300.1993885497
505,0.12235978309947,6989.9707751325,9191.1815822047,19236.324513948,9582.400768931,2,417.5859118141,891.29277803296,300.20601335665
507,0.12185113871464,6988.8554505448,9182.0266346938,19245.209507458,9583.7865561648,2,418.01278143069,891.62417020813,300.21282015436
509,0.12134632527052,6987.791974266,9172.8647896236,19254.06696908,9585.1549207052,2,418.43965195512,891.7089985235,300.21981290076
511,0.12084530039743,6986.7823851356,9163.6947085639,19262.896231875,9586.5058291252,2,418.86652383923,892.27877475443,300.22699561851
513,0.12034802292709,6985.8289467366,9154.5145672321,19271.697124008,9587.8390140007,2,419.29339754124,892.61490008413,300.23437239571
515,0.11985445290233,6984.9341372359,9145.3220026331,19280.470041742,9589.1539639358,2,419.72027352337,892.8671790943,300.24194738658
517,0.11936455157398,6984.10063259,9136.1141435245,19289.215939148,9590.4499201855,2,420.14715224969,893.25078594319,300.24972481242
519,0.11887828138523,6983.331283413,9126.8877285967,19297.93622906,9591.7258806493,2,420.57403418453,893.38696977837,300.25770896242
521,0.1183956059444,6982.6290861143,9117.6392671498,19306.632639135,9592.9806119944,2,421.00091979132,893.81838621863,300.26590419441
523,0.11791648998609,6981.9971492265,9108.3651794415,19315.307084627,9594.2126702148,2,421.42780953161,894.20657915031,300.27431493575
525,0.11744089932214,6981.438656123,9099.061876994,19323.96159633,9595.420429654,2,421.85470386382,894.37160968824,300.28294568408
527,0.11696880078327,6980.9568257201,9089.7257801997,19332.598305464,9596.6021198153,2,422.28160324135,894.80726294998,300.29180100844
529,0.11650016215297,6980.5548731367,9080.353300736,19341.21945743,9597.7558685352,2,422.70850811006,894.99464444973,300.30088554978
531,0.11603495209544,6980.2359725548,9070.9408321119,19349.827410977,9598.8797494038,2,423.13541890544,895.28660448529,300.31020402225
533,0.11557314007937,6980.0032246417,9061.4847910095,19358.424580473,9599.971830736,2,423.56233604978,895.72660040366,300.31976121363
535,0.11511469629994,6979.8596306527,9051.9817298211,19367.013301568,9601.0302232618,2,423.98925994986,895.91814187624,300.32956198673
537,0.11465959160073,6979.8080749926,9042.4285000833,19375.595641591,9602.0531237413,2,424.41619099531,896.29067032509,300.33961127993
539,0.11420779739739,6979.8513170646,9032.8224140032,19384.173208482,9603.0388526529,2,424.84312955744,896.52890991454,300.34991410832
541,0.11375928560436,6979.9919925484,9023.1613515045,19392.747011961,9603.9858847001,2,425.27007598811,896.67963842418,300.36047556455
543,0.11331402856576,6980.2326233821,9013.4437940412,19401.317396657,9604.8928718914,2,425.6970306181,897.17097104389,300.37130081971
545,0.11287199899131,6980.575635182,9003.6688018817,19409.884031419,9605.7586595183,2,426.12399375468,897.41299897975,300.38239512451
547,0.11243316989787,6981.0233802567,8993.8359622005,19418.445928484,9606.5822958892,2,426.55096567853,897.696169686,300.39376381032
549,0.11199751455731,6981.5781639736,8983.9453248998,19427.001476893,9607.3630367188,2,426.97794664,897.9847149773,300.40541228952
551,0.11156500645092,6982.2422715817,8973.9973342595,19435.548483819,9608.1003453327,2,427.40493685513,898.02701011386,300.41734605749
553,0.11113561923061,6983.0179921453,8963.9927650297,19444.084217641,9608.7938895642,2,427.83193650161,898.53350346585,300.4295706929
555,0.11070932668699,6983.9076356387,8953.9326718654,19452.6054471,9609.4435360686,2,428.25894571471,898.82534062088,300.44209185896
557,0.11028610272393,6984.9135389131,8943.8183515691,19461.108481115,9610.0493422998,2,428.68596458336,899.01651922102,300.4549153044
559,0.10986592133952,6986.0380559304,8933.6513062645,19469.589225751,9610.6115461328,2,429.11299314603,899.35460319799,300.46804686464
561,0.1094487566129,6987.2835280216,8923.4331966145,19478.043273779,9611.130552828,2,429.54003138614,899.44549837681,300.48149246311
563,0.10903458269644,6988.6522310025,8913.1657921381,19486.466023558,9611.6069187181,2,429.96707922668,899.80532706476,300.49525811176
565,0.10862337381264,6990.1462983234,8902.8509452675,19494.852802291,9612.0413307442,2,430.39413652399,900.14610320844,300.50934991257
567,0.10821510425542,6991.7676230916,8892.490616615,19503.198964469,9612.43458072,2,430.82120306071,900.24159991954,300.52377405853
569,0.1078097483951,6993.5177465462,8882.0869591309,19511.499951616,9612.787532958,2,431.24827853821,900.6282913617,300.53853683485
571,0.10740728068661,6995.3977456652,8871.6424444834,19519.75131869,9613.1010838809,2,431.67536256871,900.76690620528,300.55364461995
573,0.10700767568041,6997.4081367519,8861.1600027939,19527.948740556,9613.3761122223,2,432.10245466741,900.97450827258,300.56910388715
575,0.10661090803536,6999.5488136022,8850.6431496951,19536.088007532,9613.613418262,2,432.52955424467,901.36328756803,300.58492120492
577,0.10621695253926,7001.8190304906,8840.0960668356,19544.165035309,9613.8136504117,2,432.9566605988,901.50384828379,300.60110323913
579,0.10582578409793,7004.2174743212,8829.5237447773,19552.17573537,9613.9772197471,2,433.38377290995,901.79264484032,300.61765675336
581,0.10543737779173,7006.742336005,8818.931895939,19560.116130971,9614.1041997066,2,433.81089023486,901.97824538082,300.63458861057
583,0.10505170886161,7009.3914880505,8808.3270407938,19567.982200265,9614.1942191816,2,434.23801150383,902.02651769088,300.6519057744
585,0.10466875273173,7012.1626594376,8797.7164632181,19575.769852823,9614.2463557689,2,434.66513551949,902.46274646806,300.66961531026
587,0.10428848502289,7015.0536218848,8787.1081550637,19583.474887143,9614.2590474236,2,435.09226095768,902.65013908968,300.68772438688
589,0.1039108815648,7018.0623605831,8776.5107133124,19591.09296714,9614.2300480825,2,435.51938637024,902.83314968721,300.70624027702
591,0.10353591840679,7021.1872099545,8765.933162441,19598.619632959,9614.1564587269,2,435.94651018959,903.06582539807,300.72517035917
593,0.10316357182684,7024.4269341527,8755.3846763952,19606.050361342,9614.0348645377,2,436.37363073464,903.0530796928,300.7445221193
595,0.1027938183387,7027.7807306123,8744.8741951372,19613.380683302,9613.8615971301,2,436.80074621752,903.43072834818,300.76430315146
597,0.10242663469718,7031.2481391953,8734.4099633697,19620.606352566,9613.6331182338,2,437.22785475045,903.665910197,300.78452115964
599,0.10206199790151,7034.8288558013,8723.9990459819,19627.723543706,9613.3464925123,2,437.65495435258,903.73703468297,300.80518395873
601,0.1016998851971,7038.5224774387,8713.6468797221,19634.729050255,9612.9998926988,2,438.08204295629,904.01842470578,300.82629947657
603,0.10134027407567,7042.3282338151,8703.3569033767,19641.620452226,9612.5930703077,2,438.50911841328,904.05416585651,300.8478757544
605,0.10098314227418,7046.2447707126,8693.1302840198,19648.396228108,9612.1277340169,2,438.93617850093,904.25680316174,300.86992094956
607,0.10062846777253,7050.2700307391,8682.9657442078,19655.055796551,9611.6078000343,2,439.36322092961,904.54260829499,300.89244333575
609,0.10027622879032,7054.4012345821,8672.8595008794,19661.599487577,9611.0395007328,2,439.79024335108,904.58318028426,300.91545130536
611,0.099926403782502,7058.6349219355,8662.8053449536,19668.028459837,9610.4313468699,2,440.21724336824,904.82938303566,300.93895337044
613,0.099578971434694,7062.9669959294,8652.794903648,19674.34459713,9609.7939243206,2,440.64421854584,904.91788957487,300.96295816436
615,0.099233910657862,7067.3927421068,8642.8181420182,19680.55042062,9609.1394613445,2,441.07116642171,904.93597091314,300.98747444358
617,0.098891200582426,7071.9068655544,8632.8641919655,19686.649037809,9608.4810134702,2,441.49808451857,905.27801668943,301.01251108921
619,0.09855082055038,7076.5036631084,8622.9226912646,19692.644102043,9607.8309927633,2,441.9249703559,905.37520672244,301.03807710778
621,0.098212750112939,7081.1774250675,8612.9859131422,19698.539737351,9607.1987116894,2,442.35182146404,905.50351012974,301.06418163408
623,0.097876969019051,7085.923012098,8603.052038102,19704.340228087,9606.5868447442,2,442.77863540211,905.65130685192,301.09083393188
625,0.097543457209517,7090.7363296052,8593.1292279154,19710.049421882,9605.9874771399,2,443.20540978672,905.55788558473,301.11804339591
627,0.097212194810019,7095.6144350136,8583.2389049925,19715.669814833,9605.3796329661,2,443.6321423328,905.88343238534,301.14581955342
629,0.096883162125287,7100.5552670974,8573.4151398374,19721.201625388,9604.7310845146,2,444.05883090007,906.03999812936,301.17417206592
631,0.096556339634743,7105.5571508273,8563.6974235953,19726.642475194,9604.0063940435,2,444.48547353346,906.07545945421,301.2031107308
633,0.09623170798928,7110.6179611578,8554.1180243136,19731.988311852,9603.179470968,2,444.91206849262,906.27760531098,301.23264548312
635,0.095909248008585,7115.7333758353,8544.6906104424,19737.235677916,9602.2444265585,2,445.33861427945,906.23615749437,301.26278639731
637,0.095588940678688,7120.894008196,8535.4071400608,19742.384635456,9601.2186273463,2,445.7651096753,906.42978841013,301.29354368893
639,0.095270767149801,7126.0827406232,8526.2432791047,19747.441169746,9600.1375397589,2,446.19155377972,906.62951675831,301.32492771643
641,0.094954708734491,7131.2745084256,8517.169270187,19752.417622313,9599.043644366,2,446.61794603567,906.59827810777,301.35694898298
643,0.094640746906434,7136.43954465,8508.1675343789,19757.32941376,9597.9688664642,2,447.04428625302,906.83859425456,301.38961813827
645,0.094328863300638,7141.5486209343,8499.2531705439,19762.188310986,9596.9155686727,2,447.47057464769,906.83448707752,301.42294598031
647,0.094019039715216,7146.5773481008,8490.4754511965,19766.997893763,9595.8552879,2,447.89681183876,906.95530577698,301.45694345735
649,0.093711258112247,7151.5073316905,8481.889792127,19771.756831521,9594.7523334029,2,448.32299872835,907.19226404785,301.49162166972
651,0.093405500614777,7156.3240243414,8473.5290684928,19776.466488827,9593.5870128381,2,448.74913632275,907.18560055767,301.52699187169
653,0.093101749499727,7161.0128702108,8465.3994301862,19781.136051049,9592.3585468046,2,449.17522561219,907.3991848886,301.56306547344
655,0.092799987188455,7165.5565312767,8457.4916694877,19785.783971476,9591.0750277719,2,449.60126752215,907.43514909902,301.59985404297
657,0.092500196236301,7169.9363920934,8449.7942185144,19790.436248542,9589.7406406537,2,450.02726288436,907.49169497884,301.63736930804
659,0.09220235932218,7174.1387816145,8442.3055397905,19795.119636378,9588.3438398579,2,450.45321243862,907.77197284521,301.67562315814
661,0.091906459240244,7178.161425066,8435.0395688341,19799.851730463,9586.8553691777,2,450.87911690021,907.80931383811,301.71462764648
663,0.091612478895174,7182.0150780457,8428.0152372635,19804.635910496,9585.2421617154,2,451.30497703414,907.98850938949,301.754394992
665,0.091320401300681,7185.7200866515,8421.2399703833,19809.464003566,9583.4846189979,2,451.73079366558,908.07077618351,301.79493758141
667,0.091030209580507,7189.3011336248,8414.7055584773,19814.32046533,9581.5818123578,2,452.15656767016,908.05964468767,301.83626797118
669,0.090741886972798,7192.7823721036,8408.3979119313,19819.182952978,9579.5460210995,2,452.58230003447,908.38855406024,301.87839888965
671,0.090455416839085,7196.1826744079,8402.3060702885,19824.022542109,9577.3982577773,2,453.00799198109,908.47468240101,301.9213432391
673,0.090170782677042,7199.5109007472,8396.4234398275,19828.808123122,9575.1673655202,2,453.43364506296,908.61681523183,301.96511409781
675,0.089887968135738,7202.7622551836,8390.7517765164,19833.510290754,9572.8857895772,2,453.85926121498,908.74919085086,302.00972472221
677,0.089606957033725,7205.9171508008,8385.311224895,19838.099535452,9570.5824818951,2,454.28484282605,908.66385575912,302.05518854899
679,0.089327733377784,7208.9460701343,8380.1396350483,19842.545144834,9568.2798222502,2,454.71039274864,909.04456001464,302.10151919727
681,0.089050281373235,7211.822032422,8375.2715167335,19846.822408738,9565.9949918247,2,455.13591406724,909.18252322848,302.14873047074
683,0.08877458541625,7214.5327656797,8370.7143560997,19850.92313993,9563.7409637051,2,455.56140966382,909.283583839,302.19683635985
685,0.088500630069075,7217.0834473379,8366.4455296533,19854.857445766,9561.5250766126,2,455.98688185952,909.46907322371,302.24585104401
687,0.088228400030197,7219.4914896553,8362.4298105108,19858.642866703,9559.3476047303,2,456.41233234791,909.41555538541,302.29578889381
689,0.087957880112136,7221.7799406773,8358.6374271191,19862.291222236,9557.2034520876,2,456.83776237122,909.73850896372,302.34666447328
691,0.087689055231018,7223.9723379855,8355.0484015938,19865.805214467,9555.0863568982,2,457.26317293191,909.93114424627,302.39849254207
693,0.087421910404506,7226.0888583098,8351.6479690459,19869.183822874,9552.9919278597,2,457.68856490694,909.98686699286,302.45128805783
695,0.087156430753383,7228.1438227133,8348.4230537782,19872.428316021,9550.9176510564,2,458.11393907356,910.2277013033,302.50506617838
697,0.086892601504218,7230.1445768874,8345.3623955183,19875.544863713,9548.8612712796,2,458.53929610501,910.22911123728,302.55984226411
699,0.086630407993007,7232.0909375657,8342.4590627914,19878.543653729,9546.8197155057,2,458.96463658441,910.46554154586,302.61563188028
701,0.086369835671067,7233.9748421367,8339.7139540693,19881.435501592,9544.7893323657,2,459.38996106001,910.71380273857,302.67245079934
703,0.086110870113627,7235.7816824769,8337.1370831872,19884.228541574,9542.7665818917,2,459.81527011738,910.72261031109,302.73031500332
705,0.08585349702867,7237.4950956985,8334.7432669851,19886.927761935,9540.7480218843,2,460.24056440492,911.01519752776,302.78924068622
707,0.085597702261643,7239.1039129728,8332.5435104118,19889.537341631,9538.7296372821,2,460.66584457646,911.07158231972,302.8492442564
709,0.085343471793039,7240.6070639591,8330.5376630046,19892.063395285,9536.7065342789,2,461.09111118254,911.21376083393,302.91034233901
711,0.085090791729882,7242.0136011626,8328.7128545861,19894.51497401,9534.6734794499,2,461.51636457815,911.51744476588,302.97255177845
713,0.084839648295167,7243.3389888977,8327.0477728749,19896.902798757,9532.6255998222,2,461.94160489075,911.58095182735,303.03588964082
715,0.084590027819525,7244.6009180239,8325.5191299705,19899.236915895,9530.558446083,2,462.36683204432,911.81803422086,303.10037321644
717,0.08434191673716,7245.8167656933,8324.1062526338,19901.525102257,9528.4675374992,2,462.79204580646,911.92895503416,303.16602002232
719,0.084095301585729,7247.0025391031,8322.7926012604,19903.772640106,9526.3481242291,2,463.21724583257,911.97026606766,303.23284780477
721,0.083850169009034,7248.172041416,8321.5657994065,19905.982681941,9524.1956270672,2,463.64243170392,912.32878823596,303.30087454189
723,0.083606505761731,7249.3355617526,8320.4177592665,19908.156629088,9522.0064433868,2,464.06760296625,912.44631371821,303.37011844622
725,0.083364298715568,7250.4984952979,8319.3450038798,19910.294783548,9519.7783529755,2,464.49275916715,912.62318244409,303.4405979673
727,0.083123534866436,7251.6606343762,8318.3485554743,19912.397564492,9517.5101221222,2,464.91789988118,912.78780175014,303.51233179435
729,0.082884201339947,7252.8163850539,8317.4330879026,19914.467047333,9515.2005955089,2,465.34302471488,912.72259167373,303.58533885895
731,0.082646285402199,7253.9556926597,8316.6055137963,19916.508301626,9512.8478456329,2,465.76813329339,913.13501298103,303.65963833764
733,0.082409774454739,7255.0654996041,8315.8736012116,19918.529748097,9510.4487413126,2,466.19322523804,913.30557833988,303.73524965481
735,0.082174656042815,7256.1315694129,8315.2447926031,19920.542443432,9507.9990198961,2,466.61830014472,913.41820044461,303.81219248536
737,0.081940917851476,7257.1405439962,8314.7254923832,19922.558327719,9505.4936949837,2,467.04335757005,913.63551384513,303.89048675743
739,0.081708547707556,7258.0819284294,8314.3204341064,19924.588363003,9502.9275659136,2,467.46839702603,913.61411746516,303.9701526553
741,0.081477533574934,7258.9496238217,8314.0319334163,19926.641330072,9500.2956351561,2,467.89341797923,913.92442588476,304.05121062222
743,0.081247863551786,7259.7427355744,8313.8589891636,19928.723639674,9497.5933877245,2,468.31841985063,914.14700717521,304.13368136327
745,0.081019525866428,7260.4655138341,8313.7966747467,19930.839817458,9494.8169744352,2,468.74340201528,914.19202103405,304.21758584835
747,0.080792508872114,7261.1264948056,8313.8362828353,19932.993074301,9491.9633555491,2,469.16836380416,914.46097637318,304.30294531483
749,0.080566801042465,7261.7371456686,8313.9663569721,19935.185504755,9489.0304258028,2,469.59330451221,914.49024190658,304.38978127103
751,0.080342390967455,7262.3103436353,8314.1743914195,19937.417800564,9486.0171219896,2,470.01822341472,914.68669563329,304.47811549886
753,0.080119267350907,7262.8590557054,8314.4485696303,19939.688762661,9482.9234927354,2,470.44311979122,914.96020270045,304.56797005692
755,0.07989741900931,7263.395421633,8314.7789580919,19941.995029228,9479.7506936278,2,470.86799295267,914.99379929861,304.65936728402
757,0.079676834872916,7263.9303294829,8315.1578740438,19944.331294703,9476.5008249353,2,471.29284226572,915.25441419878,304.75232980121
759,0.079457503986343,7264.4732592399,8315.5797636787,19946.690838467,9473.1766811101,2,471.71766717062,915.33330780386,304.84688051612
761,0.079239415510126,7265.0323139214,8316.0408714507,19949.066141365,9469.781433847,2,472.14246719048,915.41324472948,304.94304262562
763,0.079022558722108,7265.6142156754,8316.5390617084,19951.44927651,9466.3184235471,2,472.56724193398,915.73677543879,305.0408396191
765,0.078806923018681,7266.2242112407,8317.0738460432,19953.831991604,9462.7911441887,2,472.99199109507,915.81949621353,305.14029528174
767,0.078592497916,7266.865902316,8317.6465258172,19956.205554398,9459.2034249712,2,473.41671445299,916.00897833518,305.24143369786
769,0.078379273051262,7267.540988021,8318.2603026403,19958.560520152,9455.5598099136,2,473.84141187526,916.13691084572,305.34427925425
771,0.078167238184142,7268.2488068906,8318.9202183028,19960.886598166,9451.8662094025,2,474.26608332558,916.09961306035,305.44885664352
773,0.0779563831984,7268.9856352847,8319.6328246692,19963.17276794,9448.1308157229,2,474.69072887826,916.47288280271,305.55519086758
775,0.077746698103529,7269.7440680356,8320.4055484317,19965.40772211,9444.3649147248,2,475.11534873823,916.60459018133,305.66330724108
777,0.077538173036151,7270.5131549902,8321.2458085862,19967.580592308,9440.5829059425,2,475.53994326042,916.72336358982,305.77323139492
779,0.077330798260664,7271.2798090681,8322.1600467449,19969.681785479,9436.8010279095,2,475.96451295731,916.90060540044,305.88498927976
781,0.077124564168571,7272.0312776238,8323.1528954747,19971.703675068,9433.0350272696,2,476.38905848416,916.83970056118,305.99860716965
783,0.076919461276161,7272.7576118287,8324.2266896683,19973.6408968,9429.297882242,2,476.813580601,917.1715900606,306.11411166561
785,0.07671548022067,7273.4527581267,8325.3814104339,19975.490139022,9425.5989769369,2,477.23808012347,917.35333107348,306.23152969932
787,0.076512611755587,7274.1136906431,8326.6149918525,19977.249564383,9421.9452405094,2,477.66255788263,917.40396221961,306.3508885368
789,0.076310846745979,7274.7384744435,8327.9238047771,19978.918166665,9418.3432432672,2,478.08701470642,917.63204227944,306.47221578211
791,0.076110176164471,7275.3248597568,8329.3031153195,19980.495304201,9414.800610546,2,478.51145142007,917.62143892128,306.59553938121
793,0.075910591087996,7275.8703185428,8330.7473913803,19981.980473898,9411.3259055879,2,478.93586885129,917.84354045129,306.72088762567
795,0.075712082694988,7276.3732841679,8332.2504473802,19983.373309295,9407.9272470744,2,479.36026782621,918.07716145131,306.84828915662
797,0.075514642262493,7276.8347964239,8333.805516205,19984.673788967,9404.6103837619,2,479.78464914895,918.07213056473,306.97777296852
799,0.07531826116281,7277.2598081213,8335.4053726779,19985.882533964,9401.376966975,2,480.20901356675,918.34354942144,307.10936841321
801,0.075122930859595,7277.657483883,8337.0425878127,19987.000913424,9398.2238919489,2,480.63336173074,918.38498379302,307.24310520376
803,0.07492864290382,7278.0399937481,8338.7098992527,19988.030770295,9395.1444080615,2,481.05769416829,918.50033019328,307.37901341852
805,0.074735388930228,7278.4201337706,8340.4006082145,19988.973877104,9392.130645522,2,481.4820112792,918.78726198988,307.51712350514
807,0.074543160654939,7278.8088923143,8342.1089000462,19989.831408919,9389.1762555594,2,481.90631335643,918.83488276179,307.65746628465
809,0.074351949874456,7279.2137843898,8343.8300226352,19990.60372248,9386.278118545,2,482.33060062167,919.04437904642,307.80007295553
811,0.074161748465938,7279.6380713909,8345.5603125961,19991.290605204,9383.4368490601,2,482.75487326358,919.13880409238,307.94497509786
813,0.073972548388314,7280.0807885202,8347.2971059835,19991.891910923,9380.6562220248,2,483.17913146839,919.14844411754,308.09220467749
815,0.073784341683658,7280.5375578806,8349.0385901116,19992.40830579,9377.9417618759,2,483.6033754364,919.4892316912,308.24179405024
817,0.073597120478247,7281.0021186455,8350.7836463612,19992.841831835,9375.2988060381,2,484.02760538151,919.58994613487,308.39377596613
819,0.073410876982849,7281.4683799356,8352.5317165601,19993.196060151,9372.7304324766,2,484.45182151471,919.7376906579,308.54818357366
821,0.073225603491949,7281.9325255218,8354.2827107297,19993.475707996,9370.2358301491,2,484.87602401661,919.88533062487,308.70505042409
823,0.073041292381989,7282.3943154114,8356.0369631935,19993.685824619,9367.8098554834,2,485.30021300859,919.79627167147,308.86441047577
825,0.072857936108983,7282.8567949769,8357.795235856,19993.830944716,9365.4441665144,2,485.72438853365,920.18357975491,309.02629809851
827,0.07267552720614,7283.3245140732,8359.558760892,19993.914641159,9363.1294083482,2,486.14855055415,920.33744544711,309.19074807796
829,0.072494058282015,7283.8012983339,8361.3293025147,19993.939571246,9360.8573338469,2,486.57269896536,920.4228453895,309.35779562006
831,0.072313522019492,7284.2886034087,8363.1091947951,19993.907784977,9358.6221032969,2,486.99683361782,920.62366095622,309.52747635543
833,0.072133911175572,7284.7847844995,8364.9012954882,19993.821060171,9356.4207259303,2,487.4209543412,920.58687505323,309.6998263439
835,0.071955218581716,7285.2851024804,8366.7088063248,19993.681201355,9354.2529346208,2,487.8450609643,920.86851613692,309.874882079
837,0.071777437144401,7285.7822081538,8368.534951166,19993.490336249,9352.1207269937,2,488.26915332886,921.07536305797,310.05268049247
839,0.071600559845524,7286.266937931,8370.3825569194,19993.251216542,9350.0276880474,2,488.6932312965,921.09747146023,310.23325895886
841,0.071424579742369,7286.7293287001,8372.2536251349,19992.967457867,9347.9781637181,2,489.11729474913,921.35124558969,310.4166553001
843,0.071249489966937,7287.1597856475,8374.1489985586,19992.643611462,9345.9763548422,2,489.54134358388,921.36652577796,310.6029077901
845,0.071075283724581,7287.5503051587,8376.0682111872,19992.284981227,9344.0254271429,2,489.96537770379,921.5412442381,310.7920551594
847,0.070901954292038,7287.8955608037,8378.0095663787,19991.897183752,9342.1267871114,2,490.38939700646,921.80087176429,310.98413659986
849,0.070729495015047,7288.1935679579,8379.9704260181,19991.485554406,9340.2797221231,2,490.8134013726,921.82185070927,311.1791917693
851,0.070557899305879,7288.4456717716,8381.9476310751,19991.054573067,9338.4815661866,2,491.23739065761,922.06537309487,311.37726079625
853,0.070387160641076,7288.6558284674,8383.9379317211,19990.607482668,9336.7283699824,2,491.66136468787,922.13259321096,311.57838428466
855,0.070217272559686,7288.8294801255,8385.9383030663,19990.146201383,9335.0157981525,2,492.08532326241,922.19933468285,311.78260331871
857,0.070048228662067,7288.9725033943,8387.9460649281,19989.671517855,9333.3398655935,2,492.50926615841,922.51163726191,311.98995946751
859,0.069880022609164,7289.0905711647,8389.9587947519,19989.183470317,9331.6972837434,2,492.93319313814,922.58444111533,312.20049478996
861,0.069712648122066,7289.1889403323,8391.9740947396,19988.68178363,9330.0854686504,2,493.35710395516,922.76397843146,312.41425183958
863,0.069546098981587,7289.272447977,8393.9893223939,19988.166257273,9328.5024262566,2,493.78099835907,922.88308431861,312.63127366929
865,0.069380369027773,7289.3454871125,8396.0014026726,19987.63702998,9326.9466998654,2,494.20487609888,922.84101220591,312.85160383633
867,0.069215452159301,7289.4118711397,8398.0068071857,19987.094680052,9325.4174261699,2,494.62873692573,923.2059384572,313.0752864071
869,0.06905134233289,7289.4746480078,8400.0017229455,19986.540155003,9323.9144227014,2,495.05258059537,923.33054210004,313.30236596207
871,0.068888033562819,7289.5359936332,8401.9823635564,19985.974559995,9322.4381947818,2,495.47640687032,923.44555960195,313.53288760066
873,0.068725519920638,7289.5972785604,8403.9453269619,19985.39886742,9320.9898015373,2,495.90021552153,923.61654516948,313.7668969462
875,0.068563795535076,7289.6593060196,8405.887895325,19984.81363192,9319.5706029401,2,496.32400632912,923.55053492516,314.00444015083
877,0.068402854592065,7289.7226314729,8407.8082051804,19984.218796255,9318.1819642365,2,496.74777908221,923.88259356167,314.24556390043
879,0.068242691334796,7289.7878473956,8409.7052708433,19983.613645863,9316.8249932068,2,497.17153357784,924.0590266724,314.49031541961
881,0.06808330006367,7289.8557631426,8411.5788930269,19982.996917265,9315.500343265,2,497.59526961939,924.109164378,314.73874247665
883,0.067924675136096,7289.9274832059,8413.4295061777,19982.367011116,9314.2080748253,2,498.01898701474,924.33208072925,314.99089338844
885,0.067766810966044,7290.0044200901,8415.258009786,19981.7222364,9312.9475669125,2,498.44268557434,924.31711375269,315.24681702548
887,0.067609702023437,7290.0882521449,8417.0656047222,19981.061028756,9311.7175046743,2,498.8663651095,924.54097373211,315.5065628168
889,0.067453342833302,7290.1807926822,8418.8536430803,19980.382122383,9310.5159885119,2,499.2900254312,924.76932095749,315.770180755
891,0.067297727974828,7290.2837478876,8420.623504109,19979.684672799,9309.3407774761,2,499.71366634964,924.7596373479,316.03772140115
893,0.067142852080392,7290.3983970432,8422.3765288408,19978.968319406,9308.1896118581,2,500.13728767477,925.02932409173,316.30923588976
895,0.066988709834663,7290.5252793,8424.1140539375,19978.233162312,9307.0605157408,2,500.56088921746,925.06553084494,316.58477593376
897,0.066835295973881,7290.663968208,8425.8375637932,19977.479638283,9305.9519944192,2,500.98447079128,925.18093935762,316.86439382942
899,0.066682605285375,7290.8129734151,8427.5489306601,19976.708319011,9304.8630943082,2,501.4080322143,925.46132845566,317.14814246127
901,0.066530632607345,7290.9697703722,8429.250660476,19975.919695836,9303.7933426832,2,501.83157331065,925.5028336043,317.43607530704
903,0.066379372828844,7291.1309439235,8430.9460379978,19975.114029412,9302.7426092939,2,502.25509391165,925.70835022347,317.72824644254
905,0.066228820889845,7291.2924307176,8432.6390846647,19974.29132104,9301.7109347567,2,502.67859385634,925.79589892408,318.02471054653
907,0.066078971781221,7291.4498411153,8434.3342988087,19973.451417491,9300.6983636133,2,503.10207299138,925.80275762725,318.32552290561
909,0.065929820544481,7291.5988273645,8436.0362164783,19972.59421552,9299.704810817,2,503.52553117043,926.13535042829,318.63073941899
911,0.065781362271109,7291.7354481135,8437.7488858524,19971.719903829,9298.7299808428,2,503.94896825312,926.22823415204,318.94041660331
913,0.065633592101462,7291.8564715797,8439.4753724379,19970.829174687,9297.7733477026,2,504.37238410386,926.36960890962,319.25461159744
915,0.065486505223253,7291.9595676002,8441.217404747,19969.923348974,9296.834192173,2,504.79577859065,926.50870010558,319.57338216715
917,0.065340096869743,7292.0433599728,8442.9752409438,19969.004376849,9295.911682137,2,505.21915158416,926.41149406238,319.89678670983
919,0.065194362317821,7292.1073374748,8444.7477962671,19968.074695872,9295.0049760239,2,505.64250295711,926.79203907182,320.2248842591
921,0.065049296886183,7292.1516486808,8446.5330208849,19967.136952499,9294.113328638,2,506.0658325841,926.93652215773,320.55773448945
923,0.064904895933831,7292.1768290944,8448.3284556167,19966.193628725,9293.2361816683,2,506.48914034191,927.01388910113,320.89539772077
925,0.064761154859014,7292.1835249451,8450.1318264769,19965.246661355,9292.3732260683,2,506.91242611003,927.20475340251,321.2379349228
927,0.064618069098652,7292.172279336,8451.9414968165,19964.29717657,9291.5244292087,2,507.33568977148,927.1584294101,321.58540771962
929,0.064475634128154,7292.1434287023,8453.7566143641,19963.345456179,9290.6900251201,2,507.75893121357,927.43237295981,321.93787839396
931,0.064333845461409,7292.0971250494,8455.5768817398,19962.391189345,9289.8704700202,2,508.18215032834,927.62870505696,322.29540989153
933,0.064192698650712,7292.0334638723,8457.4020116416,19961.433964348,9289.0663674398,2,508.60534701271,927.64229960278,322.65806582525
935,0.064052189286392,7291.9526703686,8459.2310441931,19960.47386407,9288.2783691784,2,509.02852116813,927.88519575311,323.02591047936
937,0.063912312996048,7291.8552821114,8461.061757262,19959.511986601,9287.5070617122,2,509.45167269979,927.89003995242,323.39900881353
939,0.063773065443349,7291.7422717745,8462.8903796202,19958.550722822,9286.7528527172,2,509.87480151575,928.05764476821,323.77742646681
941,0.063634442326725,7291.6150560958,8464.7117347127,19957.593700508,9286.0158742405,2,510.29790752589,928.30610311053,324.16122976151
943,0.063496439378056,7291.4753917712,8466.5198254467,19956.645369072,9285.2959172707,2,510.72099064125,928.31637311717,324.55048570702
945,0.063359052361751,7291.3251910463,8468.3087298742,19955.710315658,9284.5924043685,2,511.14405077357,928.55147627283,324.94526200346
947,0.063222277074382,7291.1663398866,8470.0735431847,19954.792495154,9283.9043994972,2,511.56708783539,928.60780259107,325.34562704529
949,0.063086109344941,7291.0006061583,8471.8110313974,19953.894624677,9283.2306516577,2,511.99010174035,928.66946148401,325.75164992475
951,0.062950545035544,7290.8296784177,8473.519727417,19953.017972512,9282.5696711081,2,512.41309240365,928.97035116429,326.16340043521
953,0.062815580042267,7290.6552948289,8475.1994150949,19952.162636284,9281.9198382118,2,512.83605974248,929.03222195419,326.58094907439
955,0.062681210295798,7290.4793570695,8476.8502197814,19951.328201568,9281.2795403707,2,513.25900367625,929.20536232765,327.00436704744
957,0.062547431761639,7290.3039158055,8478.4717038616,19950.514509711,9280.6473231899,2,513.68192412667,929.31351334226,327.4337262699
959,0.062414240440049,7290.1309778389,8480.0623453306,19949.722229072,9280.0220335182,2,514.10482101771,929.26975460102,327.86909937047
961,0.062281632365126,7289.9621637101,8481.6195817482,19948.953040467,9279.4029324424,2,514.5276942757,929.62340992168,328.31055969369
963,0.062149603604674,7289.7983894691,8483.1402984387,19948.209400526,9278.7897619628,2,514.95054382946,929.73724399071,328.75818130244
965,0.062018150259873,7289.6396886087,8484.6214619169,19947.49406905,9278.1827622741,2,515.3733696107,929.8489547585,329.21203898021
967,0.06188726846532,7289.4852802865,8486.0605715824,19946.80961451,9277.5826463526,2,515.79617155431,930.00930354578,329.6722082333
969,0.061756954389343,7289.3338375112,8487.4557913055,19946.158072016,9276.990542213,2,516.21894959866,929.93323292156,330.13876529278
971,0.06162720423441,7289.1838058411,8488.8058669684,19945.540789393,9276.4079105933,2,516.64170368574,930.26758814738,330.61178711627
973,0.061498014237538,7289.033615907,8490.1100624072,19944.958383258,9275.8364404134,2,517.06443376111,930.43378021321,331.09135138949
975,0.06136938067069,7288.8817265515,8491.3682732064,19944.410710899,9275.2779199622,2,517.48713977379,930.48471566389,331.5775365277
977,0.06124129984117,7288.7265628277,8492.5812793856,19943.896836414,9274.7340800727,2,517.909821676,930.69766897572,332.07042167684
979,0.061113768092043,7288.5664891924,8493.7509328451,19943.415057238,9274.2064069557,2,518.33247942286,930.67333527412,332.57008671443
981,0.060986781802483,7288.3999388653,8494.8800653661,19942.963080156,9273.6959288309,2,518.7551129719,930.90557857651,333.07661225038
983,0.060860337387891,7288.225718105,8495.9720526337,19942.538373472,9273.2029954513,2,519.17772228238,931.12455948313,333.59007962738
985,0.060734431299587,7288.0433835781,8497.0301707819,19942.138618602,9272.7270926068,2,519.60030731448,931.11550901742,334.11057092116
987,0.060609060024026,7287.8535224959,8498.0569945881,19941.762120502,9272.266753354,2,520.02286802832,931.38151158874,334.63816894044
989,0.060484220081565,7287.6577936764,8499.0540507605,19941.408047656,9271.819623687,2,520.4454043832,931.40938827141,335.17295722668
991,0.060359908024974,7287.4586922821,8500.0218134716,19941.076433939,9271.3827003996,2,520.86791633705,931.5405035352,335.71502005343
993,0.060236120437975,7287.2591143393,8500.9600146303,19940.767937358,9270.9526975517,2,521.29040384632,931.81274501513,336.2644424255
995,0.060112853934034,7287.0618585555,8501.868180985,19940.483396038,9270.5264515676,2,521.71286686635,931.84673742887,336.82131007783
997,0.05999010515563,7286.8691943579,8502.7462701796,19940.223274097,9270.1012712604,2,522.13530535206,932.06418864429,337.38570947392
999,0.059867870774073,7286.6825765351,8503.5952294512,19939.987151503,9269.6751746396,2,522.5577192588,932.14479300956,337.95772780413
1001,0.059746147489796,7286.5025294393,8504.4172733509,19939.77344842,9269.2470026418,2,522.98010854336,932.17596719122,338.5374529835
1003,0.05962493203294,7286.3286760872,8505.2157292633,19939.579534434,9268.8164352834,2,523.40247316467,932.50198747397,339.12497364929
1005,0.059504221163925,7286.1598575791,8505.9944405159,19939.402249624,9268.3839480601,2,523.82481308434,932.58895605473,339.72037915817
1007,0.059384011673724,7285.9942825143,8506.7568812057,19939.238712557,9267.9507397115,2,524.24712826685,932.74956975371,340.323759583
1009,0.059264300383648,7285.8296624587,8507.5052405196,19939.087186351,9267.5186463699,2,524.66941867947,932.88346912049,340.93520570927
1011,0.059145084144582,7285.6633161014,8508.2397410468,19938.947758035,9267.0900397325,2,525.09168429198,932.81611894975,341.55480903116
1013,0.059026359835784,7285.4922491767,8508.9583912782,19938.822640576,9266.6676926086,2,525.51392507616,933.19648965175,342.18266174713
1015,0.058908124363469,7285.3132336587,8509.6572834536,19938.715988597,9266.2545861662,2,525.93614100543,933.33703689907,342.81885675517
1017,0.058790374659495,7285.1229238875,8510.3314518147,19938.633200521,9265.8536334016,2,526.35833205432,933.44210780142,343.46348764755
1019,0.058673107680452,7284.9180607455,8510.9761768659,19938.57977856,9265.4673107203,2,526.7804981982,933.62992713147,344.1166487052
1021,0.058556320407381,7284.6958156782,8511.5884345576,19938.559961954,9265.0972314893,2,527.2026394129,933.58131995477,344.77843489155
1023,0.05844000984616,7284.4542819458,8512.1680038974,19938.575519373,9264.743754774,2,527.62475567451,933.90108668598,345.44894184596
1025,0.058324173028343,7284.1930264568,8512.717721092,19938.625163509,9264.4057647689,2,528.04684695903,934.09587789592,346.12826587663
1027,0.058208807012012,7283.913525103,8513.2426310688,19938.704900113,9264.0807349081,2,528.46891324213,934.14692498392,346.81650395303
1029,0.058093908882138,7283.6193004442,8513.7482615942,19938.809250156,9263.7650938964,2,528.89095449873,934.38935586097,347.51375369778
1031,0.057979475750119,7283.3156746057,8514.2386607815,19938.932893515,9263.4547916215,2,529.31297070277,934.3945282124,348.22011337805
1033,0.057865504752422,7283.0091657454,8514.7149572319,19939.072114093,9263.1458974251,2,529.73496182701,934.62133924218,348.93568189633
1035,0.057751993048655,7282.7066253627,8515.174997635,19939.225543158,9262.835081851,2,530.15692784302,934.87111220644,349.66055878077
1037,0.057638937819611,7282.4142474326,8515.6142255088,19939.393983832,9262.5199042889,2,530.57886872146,934.88351781658,350.39484417476
1039,0.057526336265893,7282.1366406197,8516.0275235962,19939.579405303,9262.1989041451,2,531.00078443254,935.16772156577,351.13863882611
1041,0.057414185607608,7281.8762297784,8516.4113406259,19939.783472358,9261.8715430515,2,531.42267494676,935.22747482024,351.89204407542
1043,0.057302483085193,7281.6332448315,8516.7652033635,19940.006179963,9261.5380693583,2,531.8445402356,935.36363869032,352.65516184402
1045,0.057191225961037,7281.4063364517,8517.0918811815,19940.245217919,9261.1993732219,2,532.26638027217,935.66921488294,353.42809462109
1047,0.057080411521217,7281.1935342179,8517.396073456,19940.496434188,9260.8568777265,2,532.68819503151,935.73663371631,354.21094545024
1049,0.056970037076639,7280.993063077,8517.6822663484,19940.755227179,9260.512473358,2,533.10998449064,935.9718813771,355.00381791533
1051,0.056860099963203,7280.803608204,8517.9528991893,19941.018169091,9260.1684634158,2,533.53174862826,936.08710726148,355.80681612562
1053,0.056750597541126,7280.6239226789,8518.2078407705,19941.284022885,9259.827463068,2,533.95348742438,936.13533056252,356.62004470025
1055,0.056641527193965,7280.4520548039,8518.4454268844,19941.553678532,9259.4921982526,2,534.37520086007,936.49762838724,357.4436087519
1057,0.056532886327992,7280.2847453159,8518.6643906214,19941.829145802,9259.1651853741,2,534.79688891724,936.621014179,358.27761386972
1059,0.0564246723722,7280.1175295689,8518.86546527,19942.112249927,9258.848330562,2,535.21855157856,936.8097184554,359.12216610158
1061,0.0563168827788,7279.9457224175,8519.0515755997,19942.403836724,9258.5425483756,2,535.64018882726,936.9814134592,359.97737193538
1063,0.056209515023536,7279.7659282639,8519.2263732822,19942.703957238,9258.2475317003,2,536.06180064673,936.94486197116,360.84333827966
1065,0.056102566605231,7279.5773139297,8519.3920377931,19943.012774609,9257.9617711012,2,536.48338701994,937.36491232005,361.72017244338
1067,0.055996035044407,7279.3818920769,8519.5479347002,19943.331353483,9257.6828237047,2,536.9049479289,937.54533315675,362.60798211476
1069,0.055889917881481,7279.1835746191,8519.6911987054,19943.6616105,9257.4077262574,2,537.32648335436,937.6903016151,363.50687533936
1071,0.055784212675335,7278.9864894448,8519.8189166978,19944.005402431,9257.1334072133,2,537.74799327586,937.91958373867,364.41696049721
1073,0.055678917002906,7278.7934894936,8519.9304713531,19944.363363919,9256.8569963175,2,538.16947767218,937.91264196779,365.33834627909
1075,0.05557402845978,7278.6056184433,8520.0285700092,19944.734226962,9256.5760105572,2,538.59093652186,938.28091667906,366.27114166181
1077,0.055469544661324,7278.4226411817,8520.1184561369,19945.114983017,9256.2884501192,2,539.0123698037,938.51957317735,367.21545588263
1079,0.055365463243518,7278.2440428818,8520.2060306217,19945.501716875,9255.9928441583,2,539.43377749697,938.62406838789,368.17139841262
1081,0.055261781863165,7278.0696941498,8520.2961265475,19945.890656502,9255.6882610186,2,539.85515958145,938.91219644373,369.13907892916
1083,0.055158498197374,7277.8998310027,8520.3916646937,19946.279062172,9255.3742836335,2,540.27651603742,938.9633341858,370.11860728732
1085,0.055055609942578,7277.7346244941,8520.4935442022,19946.665819695,9255.0509559983,2,540.69784684555,939.25698042754,371.11009349033
1087,0.054953114813295,7277.573830955,8520.6007544826,19947.051744437,9254.7187170103,2,541.11915198674,939.55522688627,372.11364765886
1089,0.054851010540813,7277.416755165,8520.7104629153,19947.439595072,9254.3783358366,2,541.54043144205,939.62303652649,373.12937999944
1091,0.054749294871901,7277.2623976493,8520.8182591794,19947.833745926,9254.0308479508,2,541.96168519258,939.97143278225,374.15740077159
1093,0.054647965567744,7277.1095426744,8520.9188681555,19948.239466067,9253.6774751378,2,542.38291321939,940.08211448153,375.19782025405
1095,0.054547020403349,7276.9566978833,8521.0074045151,19948.661843489,9253.3195070918,2,542.80411550356,940.30616482915,376.25074870973
1097,0.054446457167629,7276.802013035,8521.0808511445,19949.104559112,9252.9581302509,2,543.22529202626,940.6655342527,377.31629634965
1099,0.054346273664202,7276.6433781448,8521.1391737292,19949.568892883,9252.594208969,2,543.64644276894,940.7871361821,378.39457329563
1101,0.05424646771264,7276.4787986397,8521.1855162495,19950.053388735,9252.2280499079,2,544.06756771339,941.11133153955,379.48568954191
1103,0.054147037149723,7276.3069575344,8521.2252706087,19950.55442016,9251.8592046592,2,544.4886668417,941.2832149871,380.58975491548
1105,0.054047979830139,7276.1277527689,8521.2642934055,19951.067529081,9251.4863767647,2,544.90974013608,941.4435306134,381.70687903529
1107,0.053949293626283,7275.9425992132,8521.3068812065,19951.589084665,9251.1074856212,2,545.33078757849,941.86576419096,382.83717127022
1109,0.053850976427036,7275.7543847739,8521.3541610966,19952.117705347,9250.7198978062,2,545.7518091503,942.0495685025,383.98074069577
1111,0.053753026135791,7275.567082208,8521.4033678819,19952.655017067,9250.3207798167,2,546.17280483191,942.34809011589,385.13769604956
1113,0.053655440668182,7275.3850841866,8521.44823284,19953.205545817,9249.9074817159,2,546.5937746026,942.58305838225,386.30814568552
1115,0.053558217950152,7275.2124233954,8521.4804952792,19953.775672458,9249.4778506498,2,547.01471844054,942.68646275682,387.49219752685
1117,0.053461355916953,7275.0517684964,8521.4922968128,19954.372072751,9249.0304005838,2,547.43563632303,943.17354433683,388.68995901764
1119,0.053364852513483,7274.9039739502,8521.4788297177,19954.999513213,9248.5643182666,2,547.85652822688,943.42158600642,389.90153707319
1121,0.053268705696013,7274.7680478376,8521.4402302838,19955.659108367,9248.0793448059,2,548.27739412894,943.70041590958,391.12703802907
1123,0.053172913434835,7274.6418573316,8521.3817531865,19956.347605817,9247.5756107514,2,548.69823400642,944.00061478627,392.36656758879
1125,0.053077473716963,7274.5232457225,8521.3119056614,19957.058266432,9247.0535047102,2,549.11904783717,944.06521819125,393.62023077012
1127,0.052982384547945,7274.4110314771,8521.2391371603,19957.783226719,9246.5136222588,2,549.53983559948,944.60924678545,394.88813185016
1129,0.052887643952129,7274.3054626169,8521.1684022734,19958.516455405,9245.9567920604,2,549.96059727187,944.92384873035,396.17037430899
1131,0.05279324997137,7274.2079655035,8521.0990801115,19959.256028963,9245.3841321718,2,550.38133283257,945.18993973263,397.46706077192
1133,0.052699200662758,7274.1202452417,8521.0251786276,19960.004804854,9244.7970720763,2,550.8020422592,945.55782222563,398.77829295046
1135,0.052605494096397,7274.0429674636,8520.9377790346,19960.769292015,9244.1973559921,2,550.2039074353,895.58098879094,400.10417129698
1137,0.052512128354179,7273.9744897544,8520.8287920744,19961.557289121,9243.5869169219,2,549.65403113911,856.54996147564,401.44479324372
1139,0.052419101530159,7273.9103410308,8520.6945495409,19962.374981893,9242.9677084332,2,549.14791457718,825.31202168746,402.80024788271
1141,0.052326411732413,7273.8439971753,8520.5376751454,19963.224486688,9242.3415145798,2,548.68137176684,799.5931016723,404.1706046342
1143,0.052234057085601,7273.7688400819,8520.3661372076,19964.102975878,9241.7098127754,2,548.25050310022,778.19375967058,405.55589437019
1145,0.052142035732936,7273.6805434973,8520.1893705145,19965.00419191,9241.0737520427,2,547.85175993169,760.03564100004,406.95608333618
1147,0.052050345836411,7273.5789198274,8520.0130463689,19965.921727074,9240.4342563841,2,547.48196169334,744.5379987849,408.37104224747
1149,0.051958985574961,7273.4683610038,8519.8356229032,19966.851876312,9239.7921807948,2,547.13828039417,731.13541260108,409.80051434322
1151,0.051867953141453,7273.3565018647,8519.6490633743,19967.794156732,9239.148410076,2,546.81821035777,719.47999421899,411.2440865723
1153,0.051777246740091,7273.2515899976,8519.4432962075,19968.749493169,9238.5038433786,2,546.51953349129,709.26968950091,412.70116751578
1155,0.051686864585595,7273.1596991088,8519.2119241044,19969.717393126,9237.8592967965,2,546.24028511373,700.25563132903,414.17097445829
1157,0.051596804904637,7273.0829749051,8518.9564644632,19970.693551297,9237.21541253,2,545.97872250053,692.30804826223,415.65253061304
1159,0.051507065938907,7273.0196974412,8518.6869846197,19971.669136751,9236.5726741222,2,545.73329686318,685.21535153104,417.14467221471
1161,0.051417645948216,7272.9663407937,8518.4180448447,19972.632595142,9235.9316015733,2,545.50262880616,678.8778387869,418.64606421825
1163,0.051328543211784,7272.9207941824,8518.161424034,19973.573339365,9235.2931138758,2,545.28548701128,673.17955267142,420.1552227453
1165,0.051239756026835,7272.8846852206,8517.9201573321,19974.48500773,9234.658909961,2,545.08076979657,668.03412016994,421.67054217843
1167,0.051151282705245,7272.8630074,8517.6878627948,19975.366320476,9234.0316580464,2,544.88748918118,663.38939566157,423.19032484005
1169,0.051063121570054,7272.8613089497,8517.4530869596,19976.219658401,9233.4148825682,2,544.70475711155,659.16710926639,424.71281141704
1171,0.050975270953469,7272.882303589,8517.2053683214,19977.048751942,9232.8126008768,2,544.53177354107,655.3275652496,426.23621061992
1173,0.050887729197022,7272.9238140953,8516.9397786827,19977.856657339,9232.2288621536,2,544.3678160962,651.80930517239,427.75872692869
1175,0.050800494653357,7272.9792160958,8516.6580481457,19978.644582176,9231.6673530878,2,544.21223110027,648.58494014328,429.27858563096
1177,0.050713565688436,7273.0403376128,8516.3661630343,19979.411608316,9231.1311774713,2,544.06442576015,645.61833989624,430.79405467152
1179,0.050626940682966,7273.1011264528,8516.0704822281,19980.154952731,9230.622811647,2,543.92386135108,642.88071470987,432.30346309377
1181,0.050540618032615,7273.1596599382,8515.7752774406,19980.87037462,9230.1441473829,2,543.79004725993,640.35133520208,433.80521605678
1183,0.050454596147452,7273.2174207603,8515.4828920188,19981.552703147,9229.6965294779,2,543.66253576861,638.00313515726,435.29780656211
1185,0.050368873451261,7273.2768642217,8515.195322249,19982.196682397,9229.2807622591,2,543.54091747687,635.82352948168,436.77982412682
1187,0.050283448381122,7273.3391539372,8514.9153009584,19982.798142288,9228.8971193676,2,543.42481727874,633.78981489718,438.24996070211
1189,0.050198319387081,7273.4033457751,8514.6458351345,19983.355219474,9228.5454012967,2,543.31389081935,631.8921450703,439.70701416912
1191,0.050113484931523,7273.4671251688,8514.3884457255,19983.86926063,9228.2250549908,2,543.20782136926,630.11437482706,441.14988975228
1193,0.050028943487915,7273.5282108862,8514.1413021386,19984.345129677,9227.9353283547,2,543.10631706272,628.44531020811,442.57759968191
1195,0.049944693539017,7273.5852670128,8513.898600778,19984.790780378,9227.6754071371,2,543.00910845356,626.87717053784,443.98926141891
1197,0.049860733575103,7273.6377280806,8513.6518551516,19985.216068747,9227.4444872866,2,542.91594634889,625.39429127578,445.38409472743
1199,0.049777062092867,7273.6848183667,8513.392731889,19985.630905901,9227.2417667812,2,542.82659988625,624.00131096189,446.76141785163
1201,0.049693677595568,7273.7245663278,8513.1162616227,19986.043099988,9227.0663783835,2,542.74085482422,622.68283228613,448.12064302114
1203,0.049610578594468,7273.7535257335,8512.8229903149,19986.456562355,9226.9173110179,2,542.65851202063,621.43342534817,449.46127147879
1205,0.049527763611121,7273.7673734532,8512.5190822306,19986.870646392,9226.7933701601,2,542.57938607541,620.24603842048,450.78288819504
1207,0.049445231179675,7273.7619491685,8512.2143786761,19987.281021947,9226.6932049767,2,542.5033041187,619.11360009098,452.0851564062
1209,0.049362979848414,7273.734083039,8511.9192813143,19987.681875536,9226.6153971304,2,542.43010472665,618.04334937663,453.3678120892
1211,0.04928100818,7273.6818466077,8511.6415763099,19988.068713031,9226.5585830434,2,542.35963695026,617.01812039162,454.63065846392
1213,0.049199314750344,7273.6043112981,8511.3841110147,19988.440803959,9226.5215744132,2,542.29175944402,616.03460212979,455.87356059514
1215,0.049117898146411,7273.5011056746,8511.1438489971,19988.80248066,9226.5034467704,2,542.22633968295,615.10228175495,457.09644014999
1217,0.049036756963544,7273.3719558297,8510.9124146471,19989.163015851,9226.5035769156,2,542.16325325804,614.20401803646,458.29927035262
1219,0.048955889802989,7273.2161685419,8510.6780246218,19989.535230676,9226.5216202707,2,542.10238324138,613.34267385046,459.48207116663
1221,0.048875295270327,7273.0319542702,8510.4286596126,19989.933084886,9226.5574259361,2,542.04361961302,612.51655780326,460.6449047255
1223,0.048794971975378,7272.8157844308,8510.1559430568,19990.36857762,9226.61089992,2,541.98685874294,611.72135381265,461.78787102403
1225,0.048714918533772,7272.5624307337,8509.8583433456,19990.848657947,9226.6818530547,2,541.93200292192,610.95781367466,462.91110387661
1227,0.048635133569777,7272.2661848862,8509.5421082776,19991.373182407,9226.7698892954,2,541.87895993589,610.21611971647,464.0147671437
1229,0.048555615719444,7271.9227786336,8509.2193547705,19991.934933507,9226.8743774728,2,541.82764267894,609.5082925905,465.09905122326
1231,0.048476363632886,7271.5309330988,8508.903618954,19992.522449894,9226.9945216896,2,541.77796880067,608.81955889856,466.16416980123
1233,0.048397375974592,7271.092961303,8508.6039828487,19993.12514278,9227.1295156924,2,541.72986038434,608.15715752293,467.21035685244
1235,0.048318651421407,7270.6144878589,8508.3205253185,19993.737948329,9227.278719842,2,541.68324365254,607.51124293707,468.23786388181
1237,0.048240188658929,7270.1034768722,8508.0437466399,19994.362763719,9227.4417725803,2,541.63804869781,606.88984493509,469.24695739454
1239,0.048161986377756,7269.5686915932,8507.7579481378,19995.006614661,9227.6185836218,2,541.59420923584,606.28681239343,470.23791658319
1241,0.04808404327098,7269.0176935884,8507.4467771107,19995.678231043,9227.8092142143,2,541.55166237911,605.70032300774,471.21103121898
1243,0.04800635803389,7268.45487832,8507.0992157793,19996.384214638,9228.0136849047,2,541.51034842873,605.13227789933,472.16659973486
1245,0.047928929366107,7267.8807765905,8506.7142968436,19997.125225719,9228.2317719168,2,541.47021068301,604.58283095187,473.10492748765
1247,0.047851755975641,7267.2935562945,8506.3028958402,19997.892834866,9228.4628612429,2,541.43119526051,604.13723142403,474.02632518681
1249,0.0477748365836,7266.6919220147,8505.8854048754,19998.66897913,9228.7059191434,2,541.39325093638,603.69812370862,474.93110747809
1251,0.047698169927462,7266.078010097,8505.483711293,19999.4309437,9228.9596367397,2,541.3563289902,603.26401486495,475.81959167028
1253,0.047621754760695,7265.4595645251,8505.1091832449,20000.16088075,9229.2227497252,2,541.32038306427,602.83482406414,476.6920965942
1255,0.047545589848299,7264.8502282248,8504.7552445447,20000.852609242,9229.4943723981,2,541.28536903147,602.4104697174,477.54894158335
1257,0.047469673960422,7264.2671486119,8504.4002963137,20001.510947384,9229.7741380166,2,541.25124487269,601.99086985206,478.39044556641
1259,0.047394005867069,7263.7268863711,8504.0173294111,20002.146298634,9230.0620915774,2,541.217970563,601.57594243939,479.21692626225
1260,0.047356241940049,7263.475990305,8503.7980848062,20002.470231876,9230.2083367711,1,541.20154098771,601.36963659865,479.62645039665
